1, ERASED, ERASED, ERASED
2, ERASED, ERASED, ERASED
3, ERASED, ERASED, ERASED
4, abcd, 2023-07-26 18:52:02.673454+09:00, 2023-07-26 18:52:03.984634+09:00
5, ERASED, ERASED, ERASED
6, abcd, 2023-07-26 18:52:12.381658+09:00, 2023-07-26 18:52:13.565182+09:00
7, abcd, 2023-07-26 18:52:16.185973+09:00, 2023-07-26 18:52:19.181391+09:00
8, abcd, 2023-07-26 18:52:22.399066+09:00, 2023-07-26 18:52:24.602973+09:00
9, ERASED, ERASED, ERASED
10, matui, 2023-07-26 23:09:04.795328+09:00, 2023-07-26 23:12:32.814850+09:00
11, ERASED, ERASED, ERASED
12, ppp, ----, ----
13, ppp, 2023-07-27 11:09:55.554947+09:00, 2023-07-27 11:09:59.774045+09:00
14, ppp, 2023-07-27 11:27:12.298937+09:00, 2023-07-27 11:27:18.259044+09:00
15, ppp, 2023-07-27 11:27:28.199937+09:00, 2023-07-27 11:27:31.332297+09:00
16, ppp, 2023-07-27 13:04:08.370042+09:00, 2023-07-27 13:04:11.366815+09:00
17, yoshizane, 2023-07-27 13:13:42.225574+09:00, 2023-07-27 13:13:45.328780+09:00
18, ppppppp, 2023-07-27 14:17:01.507697+09:00, 2023-07-27 14:17:06.209602+09:00
